{
    "user_id": "C86513",
    "customer_name": "Edwin L ",
    "city_type": "within city",
    "email": "edwinl182@gmail.com",
    "phone": "9738211850",
    "verification_key": "5c584e7c831752a033222fd4a2944cec",
    "is_email_verified": "0",
    "is_phone_verified": "1",
    "date_created": "2021-05-07 11:52:49",
    "estimate_id": "E75588",
    "moving_from": "Ejipura, Bengaluru, Karnataka",
    "moving_to": "HSR Layout, Bengaluru, Karnataka",
    "moving_on": "2021-05-22 11:51:00",
    "distance": "4.5 km",
    "old_house_additional_info": "",
    "new_house_additional_info": "",
    "property_size": "2 BHK",
    "old_floor_no": "1",
    "new_floor_no": "1",
    "old_elevator_availability": "Yes",
    "new_elevator_availability": "Yes",
    "old_parking_distance": "1 meters",
    "new_parking_distance": "1 meters",
    "packing_service": "Yes",
    "unpacking_service": "Yes",
    "items": {
      "rooms": [
        {
          "id": "living_room_1",
          "canMultiply": "true",
          "defaultShown": "true",
          "roomName": "Living Room",
          "roomID": "living_room",
          "itemsList": null,
          "categories": [
            {
              "categoryID": "furnitures",
              "categoryName": "Furnitures",
              "subCategories": [
                "all",
                "sofa",
                "table",
                "chair"
              ],
              "itemsList": {
                "all": [
                  {
                    "name": "sofa_1_seater",
                    "display_name": "1 Seater Sofa",
                    "qty": 0,
                    "type": {
                      "list": [
                        "Leather",
                        "Wooden",
                        "Fabric",
                        "Cane",
                        "Recliner"
                      ],
                      "default_type": [
                        "Fabric"
                      ],
                      "multiSelect": false
                    }
                  },
                  {
                    "name": "sofa_2_seater",
                    "display_name": "2 Seater Sofa",
                    "qty": "0",
                    "type": {
                      "list": [
                        "Leather",
                        "Wooden",
                        "Fabric",
                        "Cane",
                        "Recliner"
                      ],
                      "default_type": [
                        "Fabric"
                      ],
                      "multiSelect": false
                    }
                  },
                  {
                    "name": "sofa_3_seater",
                    "display_name": "3 Seater Sofa",
                    "qty": 0,
                    "type": {
                      "list": [
                        "Leather",
                        "Wooden",
                        "Fabric",
                        "Cane",
                        "Recliner"
                      ],
                      "default_type": [
                        "Fabric"
                      ],
                      "multiSelect": false
                    }
                  },
                  {
                    "name": "diwan",
                    "display_name": "Diwan",
                    "qty": 0,
                    "type": {
                      "list": [
                        "with storage",
                        "Without storage",
                        "Completely Dismantle",
                        "Partially Dismantle",
                        "Fixed"
                      ],
                      "default_type": [
                        "With storage"
                      ],
                      "multiSelect": true
                    }
                  },
                  {
                    "name": "bean_bag",
                    "display_name": "Bean bag",
                    "qty": "0"
                  },
                  {
                    "name": "sofa_cum_bed",
                    "display_name": "Sofa Cum Bed",
                    "qty": "0"
                  },
                  {
                    "display_name": "Sectional sofa",
                    "name": "sectional_sofa",
                    "qty": "0",
                    "type": {
                      "list": [
                        "2 piece",
                        "3 piece",
                        "4 piece"
                      ],
                      "default_type": [
                        "2 piece"
                      ],
                      "multiSelect": false
                    }
                  },
                  {
                    "name": "foot_on_sofa",
                    "display_name": "Sofa Footrest",
                    "qty": "0"
                  },
                  {
                    "name": "ottoman",
                    "display_name": "Ottoman",
                    "qty": "0"
                  },
                  {
                    "name": "tv_cabinet",
                    "display_name": "TV Cabinet",
                    "qty": 0
                  },
                  {
                    "name": "center_table",
                    "display_name": "Center / Coffee table",
                    "qty": "0",
                    "type": {
                      "list": [
                        "Glass top",
                        "Wooden top"
                      ],
                      "default_type": [
                        "Wooden top"
                      ],
                      "multiSelect": false
                    }
                  },
                  {
                    "name": "side_table",
                    "display_name": "Side Table",
                    "qty": "0",
                    "type": {
                      "list": [
                        "Glass top",
                        "Wooden top"
                      ],
                      "default_type": [
                        "Glass top"
                      ],
                      "multiSelect": false
                    }
                  },
                  {
                    "name": "teapoy",
                    "display_name": "Teapoy",
                    "qty": 0,
                    "type": {
                      "list": [
                        "Glass top",
                        "Wooden top"
                      ],
                      "default_type": [
                        "Wooden top"
                      ],
                      "multiSelect": false
                    }
                  },
                  {
                    "name": "shoe_rack",
                    "display_name": "Shoe Rack",
                    "qty": "1",
                    "size": {
                      "list": [
                        {
                          "name": "small",
                          "tooltip": "<4 ft"
                        },
                        {
                          "name": "medium",
                          "tooltip": "4-6 ft"
                        },
                        {
                          "name": "large",
                          "tooltip": ">6 ft"
                        }
                      ],
                      "defaultSelect": "small"
                    }
                  },
                  {
                    "name": "computer_table",
                    "display_name": "Computer / Office table",
                    "qty": "0",
                    "size": {
                      "list": [
                        {
                          "name": "small",
                          "tooltip": "<3 ft"
                        },
                        {
                          "name": "medium",
                          "tooltip": "3-5 ft"
                        },
                        {
                          "name": "large",
                          "tooltip": ">5 ft"
                        }
                      ],
                      "defaultSelect": "medium"
                    }
                  },
                  {
                    "name": "study_table",
                    "display_name": "Study table",
                    "qty": 0,
                    "size": {
                      "list": [
                        {
                          "name": "small",
                          "tooltip": "3 ft"
                        },
                        {
                          "name": "medium",
                          "tooltip": "2-5 ft"
                        },
                        {
                          "name": "large",
                          "tooltip": ">5 ft"
                        }
                      ],
                      "defaultSelect": "medium"
                    }
                  },
                  {
                    "name": "pooja_temple",
                    "display_name": "Pooja Temple",
                    "qty": "0"
                  },
                  {
                    "name": "plastic_tables",
                    "display_name": "Plastic Table",
                    "qty": "0"
                  },
                  {
                    "name": "chest",
                    "display_name": "Chest of Drawers",
                    "qty": "0",
                    "type": {
                      "list": [
                        "Completely Dismantle",
                        "Partially Dismantle",
                        "Fixed"
                      ],
                      "default_type": [
                        "Fixed"
                      ],
                      "multiSelect": false
                    }
                  },
                  {
                    "name": "drafting_table",
                    "display_name": "Drafting Table",
                    "qty": "0"
                  },
                  {
                    "name": "showcase",
                    "display_name": "Showcase / Display Case",
                    "qty": "0",
                    "type": {
                      "list": [
                        "With glass fitments",
                        "Without glass fitments"
                      ],
                      "default_type": [
                        "with Glass fitments"
                      ],
                      "multiSelect": false
                    }
                  },
                  {
                    "name": "foldable_chair",
                    "display_name": "Foldable Chair",
                    "qty": "0"
                  },
                  {
                    "name": "non_foldable_chair",
                    "display_name": "Non-Foldable Chair",
                    "qty": "0"
                  },
                  {
                    "name": "computer_chair",
                    "display_name": "Office/Computer Chair",
                    "qty": "0"
                  },
                  {
                    "name": "rocking_chair",
                    "display_name": "Rocking Chair",
                    "qty": "0"
                  },
                  {
                    "name": "plastic_chair",
                    "display_name": "Plastic Chair",
                    "qty": "2"
                  },
                  {
                    "name": "kid_chair",
                    "display_name": "Kid Chair",
                    "qty": "0"
                  },
                  {
                    "name": "executive_chair",
                    "display_name": "Executive Chair",
                    "qty": "0"
                  },
                  {
                    "name": "stool",
                    "display_name": "Stool",
                    "qty": "0"
                  }
                ],
                "sofa": [
                  {
                    "name": "sofa_1_seater",
                    "display_name": "1 Seater Sofa",
                    "qty": 0,
                    "type": {
                      "list": [
                        "Leather",
                        "Wooden",
                        "Fabric",
                        "Cane",
                        "Recliner"
                      ],
                      "default_type": [
                        "Fabric"
                      ],
                      "multiSelect": false
                    }
                  },
                  {
                    "name": "sofa_2_seater",
                    "display_name": "2 Seater Sofa",
                    "qty": "0",
                    "type": {
                      "list": [
                        "Leather",
                        "Wooden",
                        "Fabric",
                        "Cane",
                        "Recliner"
                      ],
                      "default_type": [
                        "Fabric"
                      ],
                      "multiSelect": false
                    }
                  },
                  {
                    "name": "sofa_3_seater",
                    "display_name": "3 Seater Sofa",
                    "qty": 0,
                    "type": {
                      "list": [
                        "Leather",
                        "Wooden",
                        "Fabric",
                        "Cane",
                        "Recliner"
                      ],
                      "default_type": [
                        "Fabric"
                      ],
                      "multiSelect": false
                    }
                  },
                  {
                    "name": "diwan",
                    "display_name": "Diwan",
                    "qty": 0,
                    "type": {
                      "list": [
                        "with storage",
                        "Without storage",
                        "Completely Dismantle",
                        "Partially Dismantle",
                        "Fixed"
                      ],
                      "default_type": [
                        "With storage"
                      ],
                      "multiSelect": true
                    }
                  },
                  {
                    "name": "bean_bag",
                    "display_name": "Bean bag",
                    "qty": "0"
                  },
                  {
                    "name": "sofa_cum_bed",
                    "display_name": "Sofa Cum Bed",
                    "qty": "0"
                  },
                  {
                    "display_name": "Sectional sofa",
                    "name": "sectional_sofa",
                    "qty": "0",
                    "type": {
                      "list": [
                        "2 piece",
                        "3 piece",
                        "4 piece"
                      ],
                      "default_type": [
                        "2 piece"
                      ],
                      "multiSelect": false
                    }
                  },
                  {
                    "name": "foot_on_sofa",
                    "display_name": "Sofa Footrest",
                    "qty": "0"
                  },
                  {
                    "name": "ottoman",
                    "display_name": "Ottoman",
                    "qty": "0"
                  }
                ],
                "table": [
                  {
                    "name": "tv_cabinet",
                    "display_name": "TV Cabinet",
                    "qty": 0
                  },
                  {
                    "name": "center_table",
                    "display_name": "Center / Coffee table",
                    "qty": "0",
                    "type": {
                      "list": [
                        "Glass top",
                        "Wooden top"
                      ],
                      "default_type": [
                        "Wooden top"
                      ],
                      "multiSelect": false
                    }
                  },
                  {
                    "name": "side_table",
                    "display_name": "Side Table",
                    "qty": "0",
                    "type": {
                      "list": [
                        "Glass top",
                        "Wooden top"
                      ],
                      "default_type": [
                        "Glass top"
                      ],
                      "multiSelect": false
                    }
                  },
                  {
                    "name": "teapoy",
                    "display_name": "Teapoy",
                    "qty": 0,
                    "type": {
                      "list": [
                        "Glass top",
                        "Wooden top"
                      ],
                      "default_type": [
                        "Glass top"
                      ],
                      "multiSelect": false
                    }
                  },
                  {
                    "name": "shoe_rack",
                    "display_name": "Shoe Rack",
                    "qty": "1",
                    "size": {
                      "list": [
                        {
                          "name": "small",
                          "tooltip": "<4 ft"
                        },
                        {
                          "name": "medium",
                          "tooltip": "4-6 ft"
                        },
                        {
                          "name": "large",
                          "tooltip": ">6 ft"
                        }
                      ],
                      "defaultSelect": "small"
                    }
                  },
                  {
                    "name": "computer_table",
                    "display_name": "Computer / Office table",
                    "qty": "0",
                    "size": {
                      "list": [
                        {
                          "name": "small",
                          "tooltip": "<3 ft"
                        },
                        {
                          "name": "medium",
                          "tooltip": "3-5 ft"
                        },
                        {
                          "name": "large",
                          "tooltip": ">5 ft"
                        }
                      ],
                      "defaultSelect": "medium"
                    }
                  },
                  {
                    "name": "study_table",
                    "display_name": "Study table",
                    "qty": 0,
                    "size": {
                      "list": [
                        {
                          "name": "small",
                          "tooltip": "3 ft"
                        },
                        {
                          "name": "medium",
                          "tooltip": "2-5 ft"
                        },
                        {
                          "name": "large",
                          "tooltip": ">5 ft"
                        }
                      ],
                      "defaultSelect": "medium"
                    }
                  },
                  {
                    "name": "pooja_temple",
                    "display_name": "Pooja Temple",
                    "qty": "0"
                  },
                  {
                    "name": "plastic_tables",
                    "display_name": "Plastic Table",
                    "qty": "0"
                  },
                  {
                    "name": "chest",
                    "display_name": "Chest of Drawers",
                    "qty": "0",
                    "type": {
                      "list": [
                        "Completely Dismantle",
                        "Partially Dismantle",
                        "Fixed"
                      ],
                      "default_type": [
                        "Fixed"
                      ],
                      "multiSelect": false
                    }
                  },
                  {
                    "name": "drafting_table",
                    "display_name": "Drafting Table",
                    "qty": "0"
                  },
                  {
                    "name": "showcase",
                    "display_name": "Showcase / Display Case",
                    "qty": "0",
                    "type": {
                      "list": [
                        "With glass fitments",
                        "Without glass fitments"
                      ],
                      "default_type": [
                        "with Glass fitments"
                      ],
                      "multiSelect": false
                    }
                  }
                ],
                "chair": [
                  {
                    "name": "foldable_chair",
                    "display_name": "Foldable Chair",
                    "qty": "0"
                  },
                  {
                    "name": "non_foldable_chair",
                    "display_name": "Non-Foldable Chair",
                    "qty": "0"
                  },
                  {
                    "name": "computer_chair",
                    "display_name": "Office/Computer Chair",
                    "qty": "0"
                  },
                  {
                    "name": "rocking_chair",
                    "display_name": "Rocking Chair",
                    "qty": "0"
                  },
                  {
                    "name": "plastic_chair",
                    "display_name": "Plastic Chair",
                    "qty": "2"
                  },
                  {
                    "name": "kid_chair",
                    "display_name": "Kid Chair",
                    "qty": "0"
                  },
                  {
                    "name": "executive_chair",
                    "display_name": "Executive Chair",
                    "qty": "0"
                  },
                  {
                    "name": "stool",
                    "display_name": "Stool",
                    "qty": "0"
                  }
                ]
              }
            },
            {
              "categoryID": "electricals",
              "categoryName": "Electricals",
              "subCategories": [
                "all",
                "tv",
                "speaker",
                "fan",
                "air_conditioner",
                "other_appliances"
              ],
              "itemsList": {
                "all": [
                  {
                    "name": "lcd",
                    "display_name": "LCD TV",
                    "qty": 0,
                    "type": {
                      "list": [
                        "20-30 inch",
                        "30-40 inch",
                        "40-50 inch",
                        "> 50 inch"
                      ],
                      "default_type": [
                        "30-40 inch"
                      ],
                      "multiSelect": false
                    }
                  },
                  {
                    "name": "led",
                    "display_name": "LED TV",
                    "qty": "1",
                    "type": {
                      "list": [
                        "20-30 inch",
                        "30-40 inch",
                        "40-50 inch",
                        "> 50 inch"
                      ],
                      "default_type": [
                        "30-40 inch"
                      ],
                      "multiSelect": false
                    }
                  },
                  {
                    "name": "crt",
                    "display_name": "CRT TV",
                    "qty": "0",
                    "type": {
                      "list": [
                        "<15 inch",
                        "15-25 inch",
                        ">25 inch"
                      ],
                      "default_type": [
                        "<15 inch"
                      ],
                      "multiSelect": false
                    }
                  },
                  {
                    "name": "home_theater",
                    "display_name": "Home Theatre",
                    "qty": 0,
                    "type": {
                      "list": [
                        "3+1 Speakers",
                        "5+1 Speakers",
                        "7+1 Speakers"
                      ],
                      "default_type": [
                        "3+1 Speakers"
                      ],
                      "multiSelect": false
                    }
                  },
                  {
                    "name": "speakers",
                    "display_name": "Speakers",
                    "qty": "0"
                  },
                  {
                    "name": "tower_cooler",
                    "display_name": "Tower Cooler",
                    "qty": "0"
                  },
                  {
                    "name": "ceiling_fan",
                    "display_name": "Ceiling Fan",
                    "qty": 0
                  },
                  {
                    "name": "pedestal_fan",
                    "display_name": "Pedestal Fan",
                    "qty": "0"
                  },
                  {
                    "name": "table_fan",
                    "display_name": "Table Fan",
                    "qty": "0"
                  },
                  {
                    "name": "split_ac",
                    "display_name": "Split AC",
                    "qty": "0"
                  },
                  {
                    "name": "window_ac",
                    "display_name": "Window AC",
                    "qty": "0"
                  },
                  {
                    "name": "inverter",
                    "display_name": "Inverter+Batteries",
                    "qty": "0"
                  },
                  {
                    "name": "computer",
                    "display_name": "Computer",
                    "qty": "0"
                  },
                  {
                    "name": "sewing_machine",
                    "display_name": "Sewing Machine",
                    "qty": "0"
                  }
                ],
                "tv": [
                  {
                    "name": "lcd",
                    "display_name": "LCD TV",
                    "qty": 0,
                    "type": {
                      "list": [
                        "20-30 inch",
                        "30-40 inch",
                        "40-50 inch",
                        "> 50 inch"
                      ],
                      "default_type": [
                        "30-40 inch"
                      ],
                      "multiSelect": false
                    }
                  },
                  {
                    "name": "led",
                    "display_name": "LED TV",
                    "qty": "1",
                    "type": {
                      "list": [
                        "20-30 inch",
                        "30-40 inch",
                        "40-50 inch",
                        "> 50 inch"
                      ],
                      "default_type": [
                        "30-40 inch"
                      ],
                      "multiSelect": false
                    }
                  },
                  {
                    "name": "crt",
                    "display_name": "CRT TV",
                    "qty": "0",
                    "type": {
                      "list": [
                        "<15 inch",
                        "15-25 inch",
                        ">25 inch"
                      ],
                      "default_type": [
                        "<15 inch"
                      ],
                      "multiSelect": false
                    }
                  }
                ],
                "speaker": [
                  {
                    "name": "home_theater",
                    "display_name": "Home Theatre",
                    "qty": 0,
                    "type": {
                      "list": [
                        "3+1 Speakers",
                        "5+1 Speakers",
                        "7+1 Speakers"
                      ],
                      "default_type": [
                        "3+1 Speakers"
                      ],
                      "multiSelect": false
                    }
                  },
                  {
                    "name": "speakers",
                    "display_name": "Speakers",
                    "qty": "0"
                  }
                ],
                "fan": [
                  {
                    "name": "tower_cooler",
                    "display_name": "Tower Cooler",
                    "qty": "0"
                  },
                  {
                    "name": "ceiling_fan",
                    "display_name": "Ceiling Fan",
                    "qty": 0
                  },
                  {
                    "name": "pedestal_fan",
                    "display_name": "Pedestal Fan",
                    "qty": "0"
                  },
                  {
                    "name": "table_fan",
                    "display_name": "Table Fan",
                    "qty": "0"
                  }
                ],
                "air_conditioner": [
                  {
                    "name": "split_ac",
                    "display_name": "Split AC",
                    "qty": "0"
                  },
                  {
                    "name": "window_ac",
                    "display_name": "Window AC",
                    "qty": "0"
                  }
                ],
                "other_appliances": [
                  {
                    "name": "inverter",
                    "display_name": "Inverter+Batteries",
                    "qty": "0"
                  },
                  {
                    "name": "computer",
                    "display_name": "Computer",
                    "qty": "0"
                  },
                  {
                    "name": "sewing_machine",
                    "display_name": "Sewing Machine",
                    "qty": "0"
                  }
                ]
              }
            },
            {
              "categoryID": "fragile",
              "categoryName": "Fragile",
              "subCategories": [
                "all"
              ],
              "itemsList": {
                "all": [
                  {
                    "display_name": "Jhoomer / Chandelier",
                    "name": "jhoomer_handelier",
                    "qty": "0",
                    "size": {
                      "list": [
                        {
                          "name": "small",
                          "tooltip": "<2 ft"
                        },
                        {
                          "name": "medium",
                          "tooltip": "2-5 ft"
                        },
                        {
                          "name": "large",
                          "tooltip": ">5 ft"
                        }
                      ],
                      "defaultSelect": "small"
                    }
                  },
                  {
                    "name": "bulb",
                    "display_name": "Bulb",
                    "qty": 0
                  },
                  {
                    "name": "frame",
                    "display_name": "Picture / Poster / Painting",
                    "qty": 0,
                    "size": {
                      "list": [
                        {
                          "name": "small",
                          "tooltip": "<2 ft"
                        },
                        {
                          "name": "medium",
                          "tooltip": "2-5 ft"
                        },
                        {
                          "name": "large",
                          "tooltip": ">5 ft"
                        }
                      ],
                      "defaultSelect": "small"
                    }
                  },
                  {
                    "name": "aquarium",
                    "display_name": "Aquarium",
                    "qty": "0",
                    "size": {
                      "list": [
                        {
                          "name": "small",
                          "tooltip": "< 2 ft"
                        },
                        {
                          "name": "medium",
                          "tooltip": "2-4 ft"
                        },
                        {
                          "name": "large",
                          "tooltip": ">4 ft"
                        }
                      ],
                      "defaultSelect": "medium"
                    }
                  },
                  {
                    "name": "vas",
                    "display_name": "Vase",
                    "qty": "0",
                    "size": {
                      "list": [
                        {
                          "name": "small",
                          "tooltip": "<2 ft"
                        },
                        {
                          "name": "medium",
                          "tooltip": "2-4 ft"
                        },
                        {
                          "name": "large",
                          "tooltip": ">4 ft"
                        }
                      ],
                      "defaultSelect": "medium"
                    }
                  },
                  {
                    "name": "clock",
                    "display_name": "Clock",
                    "qty": 0,
                    "size": {
                      "list": [
                        {
                          "name": "small",
                          "tooltip": "<2 ft"
                        },
                        {
                          "name": "medium",
                          "tooltip": "2-5 ft"
                        },
                        {
                          "name": "large",
                          "tooltip": ">5 ft"
                        }
                      ],
                      "defaultSelect": "small"
                    }
                  },
                  {
                    "name": "show_pieces",
                    "display_name": "Showpieces",
                    "qty": "0"
                  }
                ]
              }
            }
          ],
          "numberOfItems": 0,
          "hasCategory": true,
          "categoryItemsHTML": "",
          "orderIndex": -1
        },
        {
          "id": "bed_room_1",
          "canMultiply": "true",
          "defaultShown": "true",
          "roomName": "Bed Room",
          "roomID": "bedRoom",
          "itemsList": null,
          "categories": [
            {
              "categoryID": "furnitures",
              "categoryName": "Furnitures",
              "subCategories": [
                "all",
                "cot",
                "cupboard",
                "table",
                "chair",
                "misc"
              ],
              "itemsList": {
                "all": [
                  {
                    "name": "king_size",
                    "display_name": "King Size Bed",
                    "qty": "0",
                    "type": {
                      "list": [
                        "With storage",
                        "Without storage",
                        "Completely Dismantle",
                        "Partially Dismantle",
                        "Fixed"
                      ],
                      "default_type": [
                        "With storage"
                      ],
                      "multiSelect": true
                    }
                  },
                  {
                    "name": "queen_bed",
                    "display_name": "Queen Size Bed",
                    "qty": "0",
                    "type": {
                      "list": [
                        "With storage",
                        "Without storage",
                        "Completely Dismantle",
                        "Partially Dismantle",
                        "Fixed"
                      ],
                      "default_type": [
                        "With storage"
                      ],
                      "multiSelect": true
                    }
                  },
                  {
                    "name": "double_bed",
                    "display_name": "Double Size Bed",
                    "qty": 0,
                    "type": {
                      "list": [
                        "With storage",
                        "Without storage",
                        "Completely Dismantle",
                        "Partially Dismantle",
                        "Fixed"
                      ],
                      "default_type": [
                        "Without storage"
                      ],
                      "multiSelect": true
                    }
                  },
                  {
                    "name": "single_cot",
                    "display_name": "Single Size Bed",
                    "qty": "0",
                    "type": {
                      "list": [
                        "With storage",
                        "Without storage",
                        "Completely Dismantle",
                        "Partially Dismantle",
                        "Fixed"
                      ],
                      "default_type": [
                        "With storage"
                      ],
                      "multiSelect": true
                    }
                  },
                  {
                    "name": "bed_mattress",
                    "display_name": "Bed / Mattress",
                    "qty": "1"
                  },
                  {
                    "name": "bunk_bed",
                    "display_name": "Bunk Bed",
                    "qty": "0"
                  },
                  {
                    "display_name": "Baby Bed",
                    "name": "baby_bed",
                    "qty": "0"
                  },
                  {
                    "name": "diwan",
                    "display_name": "Diwan",
                    "qty": "0",
                    "type": {
                      "list": [
                        "with Storage",
                        "Without storage",
                        "Completely Dismantle",
                        "Partially Dismantle",
                        "Fixed"
                      ],
                      "default_type": [
                        "With storage"
                      ],
                      "multiSelect": true
                    }
                  },
                  {
                    "name": "folding_bed",
                    "display_name": "Folding Bed",
                    "qty": "0"
                  },
                  {
                    "name": "wooden_wardrobe",
                    "display_name": "Wooden wardrobe",
                    "qty": "0",
                    "type": {
                      "list": [
                        "Single door",
                        "Double door",
                        "Triple door",
                        "Completely Dismantle",
                        "Partially Dismantle",
                        "Fixed"
                      ],
                      "default_type": [
                        "Double Door"
                      ],
                      "multiSelect": true
                    }
                  },
                  {
                    "name": "steel_alrmirah",
                    "display_name": "Steel Almirah",
                    "qty": 0,
                    "size": {
                      "list": [
                        {
                          "name": "medium",
                          "tooltip": "<=5 ft"
                        },
                        {
                          "name": "large",
                          "tooltip": ">5 ft"
                        }
                      ],
                      "defaultSelect": "large"
                    }
                  },
                  {
                    "name": "plastic_cupboard",
                    "display_name": "Plastic cupboard",
                    "qty": "0"
                  },
                  {
                    "name": "dressing_table",
                    "display_name": "Dressing Table",
                    "qty": 0,
                    "type": {
                      "list": [
                        "Dismantlable",
                        "Non-dismantlable"
                      ],
                      "default_type": [
                        "Non-dismantlable"
                      ],
                      "multiSelect": false
                    }
                  },
                  {
                    "name": "side_table",
                    "display_name": "Side Table",
                    "qty": 0,
                    "type": {
                      "list": [
                        "Glass top",
                        "Wooden top"
                      ],
                      "default_type": [
                        "Wooden top"
                      ],
                      "multiSelect": false
                    }
                  },
                  {
                    "name": "iron_board",
                    "display_name": "Iron board",
                    "qty": "0"
                  },
                  {
                    "name": "book_shelf",
                    "display_name": "Bookcase",
                    "qty": "0"
                  },
                  {
                    "name": "study_table",
                    "display_name": "Study table",
                    "qty": "0",
                    "size": {
                      "list": [
                        {
                          "name": "small",
                          "tooltip": "<3 ft"
                        },
                        {
                          "name": "medium",
                          "tooltip": "2-5 ft"
                        },
                        {
                          "name": "large",
                          "tooltip": ">5 ft"
                        }
                      ],
                      "defaultSelect": "medium"
                    }
                  },
                  {
                    "name": "computer_table",
                    "display_name": "Computer Table",
                    "qty": "0",
                    "type": {
                      "list": [
                        "Completely Dismantle",
                        "Partially Dismantle",
                        "Fixed"
                      ],
                      "default_type": [
                        "Fixed"
                      ],
                      "multiSelect": false
                    }
                  },
                  {
                    "name": "plastic_tables",
                    "display_name": "Plastic Table",
                    "qty": "0"
                  },
                  {
                    "name": "chest",
                    "display_name": "Chest of Drawers",
                    "qty": "0",
                    "type": {
                      "list": [
                        "Completely Dismantle",
                        "Partially Dismantle",
                        "Fixed"
                      ],
                      "default_type": [
                        "Fixed"
                      ],
                      "multiSelect": false
                    }
                  },
                  {
                    "name": "showcase",
                    "display_name": "Showcase / Display Case",
                    "qty": "0",
                    "type": {
                      "list": [
                        "With glass fitments",
                        "Without glass fitments"
                      ],
                      "default_type": [
                        "with Glass fitments"
                      ],
                      "multiSelect": false
                    }
                  },
                  {
                    "name": "foldable_chair",
                    "display_name": "Foldable Chair",
                    "qty": "0"
                  },
                  {
                    "name": "non_foldable_chair",
                    "display_name": "Non-Foldable Chair",
                    "qty": "0"
                  },
                  {
                    "name": "computer_chair",
                    "display_name": "Office/Computer Chair",
                    "qty": "0"
                  },
                  {
                    "name": "rocking_chair",
                    "display_name": "Rocking Chair",
                    "qty": "0"
                  },
                  {
                    "name": "plastic_chair",
                    "display_name": "Plastic Chair",
                    "qty": "0"
                  },
                  {
                    "name": "kid_chair",
                    "display_name": "Kid Chair",
                    "qty": "0"
                  },
                  {
                    "name": "executive_chair",
                    "display_name": "Executive Chair",
                    "qty": "0"
                  },
                  {
                    "name": "trolley_bag",
                    "display_name": "Trolley bag",
                    "qty": 0
                  },
                  {
                    "name": "laundry_basket",
                    "display_name": "Laundry basket",
                    "qty": "0"
                  },
                  {
                    "name": "mirror",
                    "display_name": "Mirror",
                    "qty": "0",
                    "size": {
                      "list": [
                        {
                          "name": "small",
                          "tooltip": "<2 ft"
                        },
                        {
                          "name": "medium",
                          "tooltip": "2-5 ft"
                        },
                        {
                          "name": "large",
                          "tooltip": ">5 ft"
                        }
                      ],
                      "defaultSelect": "small"
                    }
                  },
                  {
                    "name": "toys",
                    "display_name": "Toys",
                    "qty": "0",
                    "size": {
                      "list": [
                        {
                          "name": "small",
                          "tooltip": "<3 ft"
                        },
                        {
                          "name": "medium",
                          "tooltip": "3-5 ft"
                        },
                        {
                          "name": "large",
                          "tooltip": ">5 ft"
                        }
                      ],
                      "defaultSelect": "small"
                    }
                  }
                ],
                "cot": [
                  {
                    "name": "king_size",
                    "display_name": "King Size Bed",
                    "qty": "0",
                    "type": {
                      "list": [
                        "With storage",
                        "Without storage",
                        "Completely Dismantle",
                        "Partially Dismantle",
                        "Fixed"
                      ],
                      "default_type": [
                        "With storage"
                      ],
                      "multiSelect": true
                    }
                  },
                  {
                    "name": "queen_bed",
                    "display_name": "Queen Size Bed",
                    "qty": "0",
                    "type": {
                      "list": [
                        "With storage",
                        "Without storage",
                        "Completely Dismantle",
                        "Partially Dismantle",
                        "Fixed"
                      ],
                      "default_type": [
                        "With storage"
                      ],
                      "multiSelect": true
                    }
                  },
                  {
                    "name": "double_bed",
                    "display_name": "Double Size Bed",
                    "qty": 0,
                    "type": {
                      "list": [
                        "With storage",
                        "Without storage",
                        "Completely Dismantle",
                        "Partially Dismantle",
                        "Fixed"
                      ],
                      "default_type": [
                        "With storage"
                      ],
                      "multiSelect": true
                    }
                  },
                  {
                    "name": "single_cot",
                    "display_name": "Single Size Bed",
                    "qty": "0",
                    "type": {
                      "list": [
                        "With storage",
                        "Without storage",
                        "Completely Dismantle",
                        "Partially Dismantle",
                        "Fixed"
                      ],
                      "default_type": [
                        "With storage"
                      ],
                      "multiSelect": true
                    }
                  },
                  {
                    "name": "bed_mattress",
                    "display_name": "Bed / Mattress",
                    "qty": "1"
                  },
                  {
                    "name": "bunk_bed",
                    "display_name": "Bunk Bed",
                    "qty": "0"
                  },
                  {
                    "display_name": "Baby Bed",
                    "name": "baby_bed",
                    "qty": "0"
                  },
                  {
                    "name": "diwan",
                    "display_name": "Diwan",
                    "qty": "0",
                    "type": {
                      "list": [
                        "with Storage",
                        "Without storage",
                        "Completely Dismantle",
                        "Partially Dismantle",
                        "Fixed"
                      ],
                      "default_type": [
                        "With storage"
                      ],
                      "multiSelect": true
                    }
                  },
                  {
                    "name": "folding_bed",
                    "display_name": "Folding Bed",
                    "qty": "0"
                  }
                ],
                "cupboard": [
                  {
                    "name": "wooden_wardrobe",
                    "display_name": "Wooden wardrobe",
                    "qty": "0",
                    "type": {
                      "list": [
                        "Single door",
                        "Double door",
                        "Triple door",
                        "Completely Dismantle",
                        "Partially Dismantle",
                        "Fixed"
                      ],
                      "default_type": [
                        "Double Door"
                      ],
                      "multiSelect": true
                    }
                  },
                  {
                    "name": "steel_alrmirah",
                    "display_name": "Steel Almirah",
                    "qty": 0,
                    "size": {
                      "list": [
                        {
                          "name": "medium",
                          "tooltip": "<=5 ft"
                        },
                        {
                          "name": "large",
                          "tooltip": ">5 ft"
                        }
                      ],
                      "defaultSelect": "medium"
                    }
                  },
                  {
                    "name": "plastic_cupboard",
                    "display_name": "Plastic cupboard",
                    "qty": "0"
                  }
                ],
                "table": [
                  {
                    "name": "dressing_table",
                    "display_name": "Dressing Table",
                    "qty": 0,
                    "type": {
                      "list": [
                        "Dismantlable",
                        "Non-dismantlable"
                      ],
                      "default_type": [
                        "Non-dismantlable"
                      ],
                      "multiSelect": false
                    }
                  },
                  {
                    "name": "side_table",
                    "display_name": "Side Table",
                    "qty": 0,
                    "type": {
                      "list": [
                        "Glass top",
                        "Wooden top"
                      ],
                      "default_type": [
                        "Glass top"
                      ],
                      "multiSelect": false
                    }
                  },
                  {
                    "name": "iron_board",
                    "display_name": "Iron board",
                    "qty": "0"
                  },
                  {
                    "name": "book_shelf",
                    "display_name": "Bookcase",
                    "qty": "0"
                  },
                  {
                    "name": "study_table",
                    "display_name": "Study table",
                    "qty": "0",
                    "size": {
                      "list": [
                        {
                          "name": "small",
                          "tooltip": "<3 ft"
                        },
                        {
                          "name": "medium",
                          "tooltip": "3-5 ft"
                        },
                        {
                          "name": "large",
                          "tooltip": ">5 ft"
                        }
                      ],
                      "defaultSelect": "medium"
                    }
                  },
                  {
                    "name": "computer_table",
                    "display_name": "Computer Table",
                    "qty": "0",
                    "type": {
                      "list": [
                        "Completely Dismantle",
                        "Partially Dismantle",
                        "Fixed"
                      ],
                      "default_type": [
                        "Fixed"
                      ],
                      "multiSelect": false
                    }
                  },
                  {
                    "name": "plastic_tables",
                    "display_name": "Plastic Table",
                    "qty": "0"
                  },
                  {
                    "name": "chest",
                    "display_name": "Chest of Drawers",
                    "qty": "0",
                    "type": {
                      "list": [
                        "Completely Dismantle",
                        "Partially Dismantle",
                        "Fixed"
                      ],
                      "default_type": [
                        "Fixed"
                      ],
                      "multiSelect": false
                    }
                  },
                  {
                    "name": "showcase",
                    "display_name": "Showcase / Display Case",
                    "qty": "0",
                    "type": {
                      "list": [
                        "With glass fitments",
                        "Without glass fitments"
                      ],
                      "default_type": [
                        "with Glass fitments"
                      ],
                      "multiSelect": false
                    }
                  }
                ],
                "chair": [
                  {
                    "name": "foldable_chair",
                    "display_name": "Foldable Chair",
                    "qty": "0"
                  },
                  {
                    "name": "non_foldable_chair",
                    "display_name": "Non-Foldable Chair",
                    "qty": "0"
                  },
                  {
                    "name": "computer_chair",
                    "display_name": "Office/Computer Chair",
                    "qty": "0"
                  },
                  {
                    "name": "rocking_chair",
                    "display_name": "Rocking Chair",
                    "qty": "0"
                  },
                  {
                    "name": "plastic_chair",
                    "display_name": "Plastic Chair",
                    "qty": "0"
                  },
                  {
                    "name": "kid_chair",
                    "display_name": "Kid Chair",
                    "qty": "0"
                  },
                  {
                    "name": "executive_chair",
                    "display_name": "Executive Chair",
                    "qty": "0"
                  }
                ],
                "misc": [
                  {
                    "name": "trolley_bag",
                    "display_name": "Trolley bag",
                    "qty": 0
                  },
                  {
                    "name": "laundry_basket",
                    "display_name": "Laundry basket",
                    "qty": "0"
                  },
                  {
                    "name": "mirror",
                    "display_name": "Mirror",
                    "qty": "0",
                    "size": {
                      "list": [
                        {
                          "name": "small",
                          "tooltip": "<2 ft"
                        },
                        {
                          "name": "medium",
                          "tooltip": "2-5 ft"
                        },
                        {
                          "name": "large",
                          "tooltip": ">5 ft"
                        }
                      ],
                      "defaultSelect": "small"
                    }
                  },
                  {
                    "name": "toys",
                    "display_name": "Toys",
                    "qty": "0",
                    "size": {
                      "list": [
                        {
                          "name": "small",
                          "tooltip": "<3 ft"
                        },
                        {
                          "name": "medium",
                          "tooltip": "3-5 ft"
                        },
                        {
                          "name": "large",
                          "tooltip": ">5 ft"
                        }
                      ],
                      "defaultSelect": "small"
                    }
                  }
                ]
              }
            },
            {
              "categoryID": "electricals",
              "categoryName": "Electricals",
              "subCategories": [
                "all",
                "fan",
                "air_conditioner",
                "other_appliances"
              ],
              "itemsList": {
                "all": [
                  {
                    "name": "ceiling_fan",
                    "display_name": "Ceiling Fan",
                    "qty": 0
                  },
                  {
                    "name": "tower_cooler",
                    "display_name": "Tower Cooler",
                    "qty": "0"
                  },
                  {
                    "name": "pedestal_fan",
                    "display_name": "Pedestal Fan",
                    "qty": "0"
                  },
                  {
                    "name": "table_fan",
                    "display_name": "Table Fan",
                    "qty": "0"
                  },
                  {
                    "name": "split_ac",
                    "display_name": "Split AC",
                    "qty": "0"
                  },
                  {
                    "name": "window_ac",
                    "display_name": "Window AC",
                    "qty": "0"
                  },
                  {
                    "name": "bed_side_lamp",
                    "display_name": "Bed side lamp",
                    "qty": "0"
                  }
                ],
                "fan": [
                  {
                    "name": "ceiling_fan",
                    "display_name": "Ceiling Fan",
                    "qty": 0
                  },
                  {
                    "name": "tower_cooler",
                    "display_name": "Tower Cooler",
                    "qty": "0"
                  },
                  {
                    "name": "pedestal_fan",
                    "display_name": "Pedestal Fan",
                    "qty": "0"
                  },
                  {
                    "name": "table_fan",
                    "display_name": "Table Fan",
                    "qty": "0"
                  }
                ],
                "air_conditioner": [
                  {
                    "name": "split_ac",
                    "display_name": "Split AC",
                    "qty": "0"
                  },
                  {
                    "name": "window_ac",
                    "display_name": "Window AC",
                    "qty": "0"
                  }
                ],
                "other_appliances": [
                  {
                    "name": "bed_side_lamp",
                    "display_name": "Bed side lamp",
                    "qty": "0"
                  }
                ]
              }
            },
            {
              "categoryID": "Decorative",
              "categoryName": "Decorative",
              "subCategories": [
                "all"
              ],
              "itemsList": {
                "all": [
                  {
                    "display_name": "Vase",
                    "name": "vas",
                    "qty": "0",
                    "size": {
                      "list": [
                        {
                          "name": "small",
                          "tooltip": "<2 ft"
                        },
                        {
                          "name": "medium",
                          "tooltip": "2-4 ft"
                        },
                        {
                          "name": "large",
                          "tooltip": ">4 ft"
                        }
                      ],
                      "defaultSelect": "medium"
                    }
                  },
                  {
                    "name": "frame",
                    "display_name": "Poster/Picture/Painting",
                    "qty": "0",
                    "size": {
                      "list": [
                        {
                          "name": "small",
                          "tooltip": "<2 ft"
                        },
                        {
                          "name": "medium",
                          "tooltip": "2-5 ft"
                        },
                        {
                          "name": "large",
                          "tooltip": ">5 ft"
                        }
                      ],
                      "defaultSelect": "small"
                    }
                  },
                  {
                    "name": "clock",
                    "display_name": "Clock",
                    "qty": 0,
                    "size": {
                      "list": [
                        {
                          "name": "small",
                          "tooltip": "<2 ft"
                        },
                        {
                          "name": "medium",
                          "tooltip": "2-5 ft"
                        },
                        {
                          "name": "large",
                          "tooltip": ">5 ft"
                        }
                      ],
                      "defaultSelect": "small"
                    }
                  }
                ]
              }
            }
          ],
          "numberOfItems": 0,
          "hasCategory": true,
          "categoryItemsHTML": "",
          "orderIndex": -1,
          "roomList": [
            "bed_room_2"
          ]
        },
        {
          "id": "Kitchen_room_1",
          "canMultiply": "true",
          "defaultShown": "true",
          "roomName": "Kitchen",
          "roomID": "kitchen",
          "itemsList": null,
          "categories": [
            {
              "categoryID": "electronics",
              "categoryName": "Electronics",
              "subCategories": [
                "all"
              ],
              "itemsList": {
                "all": [
                  {
                    "display_name": "Mixer",
                    "name": "mixer_grinder",
                    "qty": 0
                  },
                  {
                    "name": "microwave",
                    "display_name": "Microwave",
                    "qty": "1"
                  },
                  {
                    "name": "oven",
                    "display_name": "Oven",
                    "qty": "0"
                  },
                  {
                    "name": "refrigerator",
                    "display_name": "Refrigerator",
                    "qty": 0,
                    "type": {
                      "list": [
                        "Single door",
                        "Double door",
                        "Side by side",
                        "Triple door"
                      ],
                      "default_type": [
                        "Double door"
                      ],
                      "multiSelect": false
                    }
                  },
                  {
                    "name": "water_purifier",
                    "display_name": "Water purifier",
                    "qty": "0"
                  },
                  {
                    "name": "toaster",
                    "display_name": "Toaster",
                    "qty": "0"
                  },
                  {
                    "name": "wet_grinder",
                    "display_name": "Wet Grinder",
                    "qty": "0"
                  },
                  {
                    "name": "rice_cooker",
                    "display_name": "Rice cooker",
                    "qty": 0
                  },
                  {
                    "name": "coffee_maker",
                    "display_name": "Coffee Machine",
                    "qty": "0"
                  },
                  {
                    "name": "dish_washer",
                    "display_name": "Dishwasher",
                    "qty": "0"
                  },
                  {
                    "name": "exhaust_fan",
                    "display_name": "Exhaust fan",
                    "qty": "0"
                  },
                  {
                    "name": "water_heater",
                    "display_name": "Water Heater",
                    "qty": "0"
                  },
                  {
                    "name": "chimney",
                    "display_name": "Chimney",
                    "qty": "0"
                  }
                ]
              }
            },
            {
              "categoryID": "miscellaneous",
              "categoryName": "Miscellaneous",
              "subCategories": [
                "all"
              ],
              "itemsList": {
                "all": [
                  {
                    "display_name": "LPG cylinder",
                    "name": "gas_cylinder",
                    "qty": 0
                  },
                  {
                    "name": "gas_stove",
                    "display_name": "Gas stove",
                    "qty": 0
                  },
                  {
                    "name": "kitchen_rack",
                    "display_name": "Kitchen rack",
                    "qty": 0
                  },
                  {
                    "name": "serving_trolly",
                    "display_name": "Serving Trolley",
                    "qty": "0"
                  },
                  {
                    "name": "crockery_set",
                    "display_name": "Crockery set",
                    "qty": "0"
                  }
                ]
              }
            }
          ],
          "numberOfItems": 0,
          "hasCategory": true,
          "categoryItemsHTML": "",
          "orderIndex": -1
        },
        {
          "id": "bathroom_1",
          "canMultiply": "true",
          "defaultShown": "true",
          "roomName": "Bathroom",
          "roomID": "bathroom",
          "itemsList": {
            "all": [
              {
                "name": "geyser",
                "display_name": "Geyser",
                "qty": "0"
              },
              {
                "name": "washing_machine",
                "display_name": "Washing Machine",
                "qty": "0",
                "type": {
                  "list": [
                    "Top loading",
                    "Front loading"
                  ],
                  "default_type": [
                    "Top Loading"
                  ],
                  "multiSelect": false
                }
              },
              {
                "name": "buckets",
                "display_name": "Buckets",
                "qty": 0
              },
              {
                "name": "dryer_rack",
                "display_name": "Dryer rack",
                "qty": "0"
              },
              {
                "name": "mirror",
                "display_name": "Mirror",
                "qty": 0,
                "size": {
                  "list": [
                    {
                      "name": "small",
                      "tooltip": "<2 ft"
                    },
                    {
                      "name": "medium",
                      "tooltip": "2-5 ft"
                    },
                    {
                      "name": "large",
                      "tooltip": ">5 ft"
                    }
                  ],
                  "defaultSelect": "small"
                }
              },
              {
                "name": "shelves",
                "display_name": "Shelves",
                "qty": "0"
              },
              {
                "name": "bathroom_cabinet",
                "display_name": "Bathroom Cabinet",
                "qty": "0"
              },
              {
                "name": "weigh_scale",
                "display_name": "Weighing Scale",
                "qty": "0"
              },
              {
                "name": "medicine_cabinet",
                "display_name": "Medicine Cabinet",
                "qty": "0"
              }
            ]
          },
          "numberOfItems": 0,
          "hasCategory": false,
          "categoryItemsHTML": "",
          "orderIndex": -1
        },
        {
          "id": "boxes",
          "canMultiply": "false",
          "defaultShown": "true",
          "roomName": "Boxes",
          "roomID": "boxes",
          "itemsList": {
            "all": [
              {
                "name": "clothes_boxes",
                "display_name": "Clothes Boxes",
                "qty": "0",
                "size": {
                  "list": [
                    {
                      "name": "small",
                      "tooltip": "2ft * 2ft"
                    },
                    {
                      "name": "medium",
                      "tooltip": "3ft * 3ft"
                    },
                    {
                      "name": "large",
                      "tooltip": "4ft * 4ft"
                    }
                  ],
                  "defaultSelect": "medium"
                }
              },
              {
                "name": "books_boxes",
                "display_name": "Books Boxes",
                "qty": "0",
                "size": {
                  "list": [
                    {
                      "name": "small",
                      "tooltip": "2ft * 2ft"
                    },
                    {
                      "name": "medium",
                      "tooltip": "3ft * 3ft"
                    },
                    {
                      "name": "large",
                      "tooltip": "4ft * 4ft"
                    }
                  ],
                  "defaultSelect": "medium"
                }
              },
              {
                "name": "utensils_boxes",
                "display_name": "Kitchen Boxes",
                "qty": "0",
                "size": {
                  "list": [
                    {
                      "name": "small",
                      "tooltip": "2ft * 2ft"
                    },
                    {
                      "name": "medium",
                      "tooltip": "3ft * 3ft"
                    },
                    {
                      "name": "large",
                      "tooltip": "4ft * 4ft"
                    }
                  ],
                  "defaultSelect": "medium"
                }
              },
              {
                "name": "misc_boxes",
                "display_name": "Misc Boxes",
                "qty": "6",
                "size": {
                  "list": [
                    {
                      "name": "small",
                      "tooltip": "2ft * 2ft"
                    },
                    {
                      "name": "medium",
                      "tooltip": "3ft * 3ft"
                    },
                    {
                      "name": "large",
                      "tooltip": "4ft * 4ft"
                    }
                  ],
                  "defaultSelect": "medium"
                }
              },
              {
                "name": "toys_boxes",
                "display_name": "Toys Boxes",
                "qty": "0",
                "size": {
                  "list": [
                    {
                      "name": "small",
                      "tooltip": "2ft * 2ft"
                    },
                    {
                      "name": "medium",
                      "tooltip": "3ft * 3ft"
                    },
                    {
                      "name": "large",
                      "tooltip": "4ft * 4ft"
                    }
                  ],
                  "defaultSelect": "medium"
                }
              },
              {
                "name": "trolley_bag",
                "display_name": "Trolley bag",
                "qty": "0"
              },
              {
                "name": "suitcases",
                "display_name": "Suitcases",
                "qty": "0"
              },
              {
                "name": "luggage_bag",
                "display_name": "Laggage Bag",
                "qty": "0",
                "size": {
                  "list": [
                    {
                      "name": "small",
                      "tooltip": "2ft * 2ft"
                    },
                    {
                      "name": "medium",
                      "tooltip": "3ft * 3ft"
                    }
                  ],
                  "defaultSelect": "medium"
                }
              }
            ]
          },
          "numberOfItems": 0,
          "hasCategory": false,
          "categoryItemsHTML": "",
          "orderIndex": -1
        }
      ]
    },
    "total_items": "12",
    "call_back": "0",
    "service_type": "relocation",
    "notification_sent": "0",
    "status": "1",
    "move_date_flexible": "1",
    "boxes_count": 6,
    "items_count": 6,
    "order_comment": null,
    "salesperson": "not assigned"
  }